index,Positive Word,Negative Word
1,ABLE,abnormal
2,ACCEPT,abolish
3,ACCEPTANCE,abominable
4,ACCEPTABLE,abominably
5,ACCEPTED,abominate
6,ACCEPTING,abomination
7,ACTION,abort
8,ACTIVATE,aborted
9,ACTIVE,aborts
10,ADD,abrade
11,ADDITION,abrasive
12,ADORABLE,abrupt
13,ADVANTAGE,abruptly
14,AFFIRM,abscond
15,AGELESS,absence
16,AGREE,absent-minded
17,AGREEABLE,absentee
18,AID,absurd
19,AIM,absurdity
20,ABUNDANCE,absurdly
21,ACCOUNTABILITY,absurdness
22,ACCOMPLISHMENT,abuse
23,ACCOMPLISH,abused
24,ACCURACY,abuses
25,ACHIEVEMENT,abusive
26,ACHIEVE,abysmal
27,ACKNOWLEDGEMENT,abysmally
28,ADAPTABILITY,abyss
29,ADVENTURE,accidental
30,ADVENTUROUS,accost
31,AGILITY,accursed
32,ALERTNESS,accusation
33,AMBITION,accusations
34,ANTICIPATION,accuse
35,APPRECIATE,accuses
36,APPRECIATION,accusing
37,APPRECIATIVE,accusingly
38,APPRECIATIVENESS,acerbate
39,ASSERTIVENESS,acerbic
40,ASSERTIVE,acerbically
41,ATTENTIVENESS,ache
42,AUDACITY,ached
43,AWARE,aches
44,AWARENESS,aching
45,AUTHENTIC,acrid
46,AUTHENTICITY,acridly
47,ABRACADABRA,acridness
48,ATTRACTION,acrimonious
49,ALLOW,acrimoniously
50,ALLOWING,acrimony
51,AFFECTION,adamant
52,AFFECTIONATE,adamantly
53,ABSORBED,addict
54,ALERT,addicted
55,AMAZED,addicting
56,AWE,addicts
57,AWED,admonish
58,ANIMATE,admonisher
59,ANIMATED,admonishingly
60,ANIMATING,admonishment
61,ANIMATION,admonition
62,ANIMATENESS,adulterate
63,ARDENT,adulterated
64,AMAZING,adulteration
65,AWESOME,adversarial
66,AWESOMENESS,adversary
67,AROUSED,adverse
68,ASTONISHED,adversity
69,ASTONISHING,afflict
70,AMUSED,affliction
71,AIR,afflictive
72,AIRNESS,affront
73,ALOHA,afraid
74,ADORE,aggravate
75,ADMIRE,aggravating
76,ADMIRABLE,aggravation
77,ALLURE,aggression
78,ANGEL,aggressive
79,ANGELIC,aggressiveness
80,ALTRUISM,aggressor
81,ALTRUISTIC,aggrieve
82,ABOUND,aggrieved
83,ABOUNDING,aghast
84,ABOUNDS-,agonies
85,ABUNDANT,agonize
86,ABSOLUTE,agonizing
87,ABSOLUTELY,agonizingly
88,ACCESSIBLE,agony
89,ACCLAIMED,aground
90,ACCOMMODATE,ail
91,ACCOMMODATED,ailing
92,ACCOMMODATION,ailment
93,ACCOMMODATING,aimless
94,AMPLE,alarm
95,APPRECIATIVE,alarmed
96,JOY,alarming
97,AMIN,alarmingly
98,ACCENTUACTIVITY,alienate
99,ACTABILITY,alienated
100,AFFABLE,alienation
101,ALACRITY,allegation
102,ALTRUCAUSE,allegations
103,AMIABLE,allege
104,ASTOUNDING,allergic
105,ATTRACTIVE,allergies
106,ALIVE,allergy
107,ALIVENESS,aloof
108,ACCLAIM,altercation
109,ABUNDANT,ambiguity
110,GRATIFICATION,ambiguous
111,ACCLAMATION,ambivalence
112,ACCOMPLISHED,ambivalent
113,ACCOMPLISHMENTS,ambush
114,ACCURATE,amiss
115,ACCURATELY,amputate
116,ACHIEVABLE,anarchism
117,ACHIEVEMENTS,anarchist
118,ACTION,anarchistic
119,FOR,anarchy
120,HAPPINESS,anemic
121,ACTIVE,anger
122,AND,angrily
123,CONSTRUCTIVE,angriness
124,STEPS,angry
125,ACTS,anguish
126,OF,animosity
127,KINDNESS,annihilate
128,ADAPTABLE,annihilation
129,ADAPTIVE,annoy
130,ADEQUATE,annoyance
131,ADMIRABLY,annoyances
132,ADMIRATION,annoyed
133,ADMIRED,annoying
134,ADORED,annoyingly
135,ADORING,annoys
136,ADORINGLY,anomalous
137,ADVANCED,anomaly
138,ADVANTAGEOUS,antagonism
139,ADVANTAGEOUSLY,antagonist
140,ADVANTAGES,antagonistic
141,AFFABILITY,antagonize
142,AFFABLY,anti-
143,AFFINITY,anti-occupation
144,AFFIRMATION,anti-proliferation
145,AFFIRMATIVE,anti-social
146,AFFLUENCE,anti-us
147,AFFLUENT,anti-white
148,AFFORD,antipathy
149,AFFORDABLE,antiquated
150,AFFORDABLY,antithetical
151,AGILE,anxieties
152,AGILELY,anxiety
153,AGREEABLENESS,anxious
154,AGREEABLY,anxiously
155,ALIGNED,anxiousness
156,ALL,apathetic
157,IS,apathetically
158,WELL,apathy
159,ALLURING,apocalypse
160,ALLURINGLY,apocalyptic
161,ALTERNATIVE,apologist
162,HEALING,apologists
163,ALTRUISTICALLY,appall
164,AMAZE,appalled
165,AMAZEMENT,appalling
166,AMAZES,appallingly
167,AMAZINGLY,apprehension
168,AMIABILITY,apprehensions
169,AMICABILITY,apprehensive
170,AMICABLE,apprehensively
171,AMICABLY,arbitrary
172,AMUSING,arcane
173,APPEAL,archaic
174,APPEALING,arduous
175,APPLAUD,arduously
176,APPRECIABLE,argumentative
177,APPRECIATED,arrogance
178,APPRECIATES,arrogant
179,APPRECIATION,arrogantly
180,OF,ashamed
181,BEAUTY,asinine
182,APPRECIATIVELY,asininely
183,APPROPRIATE,askance
184,APPROVAL,asperse
185,APPROVE,aspersion
186,ARDOR,aspersions
187,ART,assail
188,OF,assassin
189,APPRECIATION,assassinate
190,ART,assault
191,OF,astray
192,STILLNESS,asunder
193,ART,atrocious
194,OF,atrocities
195,WELL-BEING,atrocity
196,ASSURANCE,atrophy
197,A,attack
198,REASON,attacks
199,FOR,audacious
200,BEING,audaciously
201,ACARONAR,audaciousness
202,ACCOMMODATIVE,audacity
203,ALTITUDINARIAN,austere
204,AMAZING,authoritarian
205,WORDS,autocrat
206,AMIABLY,autocratic
207,ACCOLADE,avalanche
208,ACUMEN,avarice
209,ADJUSTABLE,avaricious
210,ADMIRER,avariciously
211,ADMIRING,avenge
212,ADMIRINGLY,averse
213,ADORER,aversion
214,ADROIT,awful
215,ADROITLY,awfully
216,ADULATED,awfulness
217,ADULATION,awkward
218,ADULATORY,awkwardness
219,ADVENTURESOME,ax
220,ADVOCATED,babble
221,AMBITIOUS,back-logged
222,AMBITIOUSLY,back-wood
223,AMELIORATE,back-woods
224,AMENITY,backache
225,AMITY,backaches
226,AMPLY,backbite
227,AMUSE,backbiting
228,AMUSINGLY,backward
229,APOTHEOSIS,backwardness
230,ASSUME,backwoods
231,YOUR,bad
232,OWN,badly
233,VALUE,baffle
234,ASTONISHINGLY,baffled
235,ASTONISHMENT,bafflement
236,ATTRIBUTIONAL,baffling
237,STYLE,bait
238,QUESTIONNAIRE,balk
239,ASQ,banal
240,AUTHENTIC,bane
241,HAPPINESS,banish
242,AWAKEN,banishment
243,AWAKENING,bankrupt
244,CARE,barbarian
245,CARING,barbaric
246,CALM,barbarically
247,CREATE,barbarity
248,CREATIVE,barbarous
249,CREATIVITY,barbarously
250,CREATIVENESS,barren
251,CAPABLE,baseless
252,CAPABILITY,bash
253,CAPABLY,bashed
254,CELEBRATE,bashful
255,CELEBRATION,bashing
256,CERTAIN,battered
257,CERTAINTY,battering
258,DIRECTION,batty
259,DELICATE,bearish
260,DECENT,beastly
261,DESIRABLE,bedlam
262,DELICIOUS,bedlamite
263,DELICIOUSNESS,befoul
264,DO,beg
265,DREAM,beggar
266,DREAMY,beggarly
267,DYNAMIC,begging
268,DARING,beguile
269,DECISIVENESS,belabor
270,DELIGHT,belated
271,DELIGHTED,beleaguer
272,DELIGHTFUL,belie
273,DEPENDABILITY,belittle
274,DESIRE,belittled
275,DETERMINATION,belittling
276,DEVOTION,bellicose
277,DIGNITY,belligerence
278,DILIGENCE,belligerent
279,DISCIPLINE,belligerently
280,DISCOVERY,bemoan
281,DISCRETION,bemoaning
282,DIVERSITY,bemused
283,DRIVE,bent
284,DUTY,berate
285,DIVINE,bereave
286,DAZZLED,bereavement
287,DISNEY,bereft
288,DEVOTED,berserk
289,DANDY,beseech
290,DAIMON,beset
291,DEBONAIR,besiege
292,DETACHMENT,besmirch
293,DEDICATED,betray
294,DAUWTRAPPEN,betrayal
295,DAZZLE,betrayals
296,DELIGHTFULLY,betrayer
297,DEFENCELESSNESS,betraying
298,DEEPER,betrays
299,PART,bewail
300,OF,beware
301,YOU,bewilder
302,DESERVE,bewildered
303,DESERVEDNESS,bewildering
304,DESERVINGNESS,bewilderingly
305,DIS-IDENTIFY,bewilderment
306,DOPE,bewitch
307,DOPE,bias
308,CHILL,biased
309,OUT,biases
310,EMPATHY,bicker
311,GLOW,bickering
312,GENEROUS,bid-rigging
313,GENEROSITY,bigotries
314,GENERATE,bigotry
315,GENIAL,biting
316,GENIUS,bitingly
317,GENUINE,bitter
318,GIFT,bitterly
319,GIVE,bitterness
320,GIVING,bizarre
321,GOOD,blab
322,GOODNESS,blabber
323,GOING,blackmail
324,THE,blah
325,EXTRA,blame
326,MILE,blameworthy
327,GRACE,bland
328,GRATITUDE,blandish
329,GRATEFULNESS,blaspheme
330,GROW,blasphemous
331,GROWTH,blasphemy
332,GUIDE,blasted
333,GUIDING,blatant
334,GUIDANCE,blatantly
335,GOD,blather
336,GROUNDED,bleak
337,GLORY,bleakly
338,GODLINESS,bleakness
339,GOOD-FEELING,bleed
340,GROOVY,bleeding
341,GIDDY,bleeds
342,GLAD,blemish
343,GOOD,blind
344,HEALTH,blinding
345,GLAMOR,blindingly
346,GIGGLING,blindside
347,GODDESS,blister
348,GORGEOUS,blistering
349,GORGEOUSNESS,bloated
350,GRANDIOSITY,blockage
351,GENERAVITY,blockhead
352,GENTLEMAN,bloodshed
353,GARGANTUAN,bloodthirsty
354,GRAND,bloody
355,GREAT,blotchy
356,GINGER,blow
357,HOPE,blunder
358,HOPEFULNESS,blundering
359,IMAGINATION,blunders
360,INSPIRE,blunt
361,INSPIRATION,blur
362,INSPIRED,blurred
363,INSPIRATIONAL,blurring
364,IN-LOVE,blurry
365,IDEA,blurs
366,INCREDIBLE,blurt
367,INNOVATE,boastful
368,INNOVATION,boggle
369,INTERESTING,bogus
370,INTEREST,boil
371,INTERESTED,boiling
372,IMPROVEMENT,boisterous
373,INDEPENDENCE,bomb
374,INFLUENCE,bombard
375,INGENUITY,bombardment
376,INNER,bombastic
377,PEACE,bondage
378,INSIGHT,bonkers
379,INSIGHTFULNESS,bore
380,INSIGHTFUL,bored
381,INTEGRITY,boredom
382,INTELLIGENCE,bores
383,INTELLIGENT,boring
384,INTENSITY,botch
385,INTIMACY,bother
386,INTUITIVENESS,bothered
387,INVENTIVENESS,bothering
388,INVESTING,bothers
389,INTENTION,bothersome
390,INVIGORATE,bowdlerize
391,INVIGORATED,boycott
392,INTRIGUED,braggart
393,INVOLVE,bragger
394,INVOLVED,brainless
395,INCLUSION,brainwash
396,INNOCENT,brash
397,INEFFABLE,brashly
398,INEFFABILITY,brashness
399,INTREPID,brat
400,IDEALISM,bravado
401,ILLUMINATION,brazen
402,ILLUMINATED,brazenly
403,INCOMPARABLE,brazenness
404,INVINCIBLE,breach
405,INQUISITIVE,break
406,INFINITE,break-up
407,INFINITY,break-ups
408,JOY,breakdown
409,JOYFUL,breaking
410,JOYOUS,breaks
411,JOKE,breakup
412,JOLLY,breakups
413,JOVIAL,bribery
414,JUST,brimstone
415,JUSTICE,bristle
416,JUBILANT,brittle
417,JUVENESCENT,broke
418,JUMPY,broken
419,JAMMIN,broken-hearted
420,JUBILINGO,brood
421,KINDNESS,browbeat
422,KIND,bruise
423,KIND-HEART,bruised
424,KINDLY,bruises
425,KEEP-UP,bruising
426,KISS,brusque
427,KNOWLEDGE,brutal
428,KITTENS,brutalities
429,KEEN,brutality
430,KAAJHUAB,brutalize
431,KALON,brutalizing
432,KILIG,brutally
433,KIND,brute
434,WORDS,brutish
435,KOIBITO,buckle
436,KIBUN,bug
437,LIKE,bugging
438,LAUGH,buggy
439,LAUGHING,bugs
440,LEARN,bulkier
441,LEARNING,bulkiness
442,LIFE,bulky
443,LIVE,bull
444,LIVING,bull
445,LUXURY,-
446,LONGEVITY,bullies
447,LOYALTY,bulls
448,LOYAL,t
449,LOVE,bully
450,LOVABLE,bullying
451,LOVING,bullyingly
452,LIBERTY,bum
453,LOGIC,bump
454,LEADER,bumped
455,LEADERSHIP,bumping
456,LUCK,bumps
457,LUCKY,bumpy
458,LIGHT,bungle
459,LOVING-KINDNESS,bungler
460,LIVELY,bungling
461,LIFE,bunk
462,OF,burden
463,THE,burdensome
464,PARTY,burdensomely
465,LOVELY,burn
466,LOVING,burned
467,ACCEPTANCE,burning
468,LOVING,burns
469,FEELINGS,bust
470,LIGHTWORKER,busts
471,LEADING,busybody
472,LIGHT,butcher
473,FOG,butchery
474,LIVES,buzzing
475,THROUGH,byzantine
476,LOVE,cackle
477,WORDS,calamities
478,LOVER,calamitous
479,OF,calamitously
480,BEAUTY,calamity
481,LUSTROUS,callous
482,LUSTROUS,calumniate
483,COLORS,calumniation
484,LIGHT-HEARTED,calumnies
485,LEEWAY,calumnious
486,LET,calumniously
487,GO,calumny
488,LETTING,cancer
489,GO,cancerous
490,LIVELINESS,cannibal
491,MEANING,cannibalize
492,MEANINGFUL,capitulate
493,MORE,capricious
494,MAGNIFICENT,capriciously
495,MAJESTY,capriciousness
496,MANY,capsize
497,MARVELOUS,careless
498,MERIT,carelessness
499,MOTIVATE,caricature
500,MIRACLE,carnage
501,MAGIC,carp
502,MAKING,cartoonish
503,A,cash-strapped
504,DIFFERENCE,castigate
505,MASTERY,castrated
506,MATURITY,casualty
507,MINDFUL,cataclysm
508,MINDFULNESS,cataclysmal
509,MODESTY,cataclysmic
510,MOTIVATION,cataclysmically
511,MOTIVATIONAL,catastrophe
512,MERCY,catastrophes
513,MEDITATION,catastrophic
514,MIND-BLOWING,catastrophically
515,MELLOW,caustic
516,MOVED,caustically
517,MOVEMENT,cautionary
518,MUTUALITY,cave
519,MOURNING,censure
520,MELIORISM,chafe
521,MENCH,chaff
522,MINDSIGHT,chagrin
523,MINDSIGHT,challenging
524,MAJOR,chaos
525,NOBLE,chaotic
526,NURTURING,chasten
527,NURTURE,chastise
528,NON-RESISTANCE,chastisement
529,NON-RESISTANT,chatter
530,NEW,chatterbox
531,NICE,cheap
532,NIRVANA,cheapen
533,NEAT,cheaply
534,NATURE-MADE,cheat
535,NOURISH,cheated
536,NOURISHED,cheater
537,NOURISHING,cheating
538,NOURISHMENT,cheats
539,NAMASTE,checkered
540,NEOTENY,cheerless
541,NICE,cheesy
542,WORDS,chide
543,NOVATURIENT,childish
544,OPTIMIST,chill
545,OPTIMISTIC,chilly
546,OUTSTANDING,chintzy
547,OK,choke
548,ON,choleric
549,ONWARDS,choppy
550,OPEN,chore
551,OPENLY,chronic
552,OPENING,chunky
553,OPEN-MINDED,clamor
554,OPPORTUNITY,clamorous
555,ORIGINAL,clash
556,OPENNESS,clique
557,OPTIMISM,clog
558,ORDER,clogged
559,ORGANIZATION,clogs
560,ORIGINALITY,cloud
561,OUTCOME,clouding
562,ORIENTATION,cloudy
563,OBEDIENT,clueless
564,OPEN,clumsy
565,HEARTED,clunky
566,OMG,coarse
567,OVERCOME,cocky
568,OM,coerce
569,MANI,coercion
570,PADME,coercive
571,HUM,cold
572,OUTGOING,coldly
573,ONENESS,collapse
574,OUTERNATIONALIST,collude
575,PERFECT,collusion
576,PERFECTION,combative
577,POSITIVE,combust
578,ENERGY,comical
579,POSITIVE,commiserate
580,QUALITY,commonplace
581,QUIET,commotion
582,QUIETNESS,commotions
583,QUAINT,complacent
584,QUIESCENT,complain
585,QUEENLY,complained
586,QUICKENING,complaining
587,QUIDDITY,complains
588,RESPECT,complaint
589,RADIANT,complaints
590,READY,complex
591,READINESS,complicated
592,REAL,complication
593,REALITY,complicit
594,REASON,compulsion
595,RECOMMEND,compulsive
596,REFRESH,concede
597,REFRESHED,conceded
598,RELAX,conceit
599,RELAXED,conceited
600,RELIEF,concern
601,RELIEVE,concerned
602,RELIEVED,concerns
603,REMARKABLE,concession
604,RATIONALITY,concessions
605,RECOGNITION,condemn
606,RELATIONSHIPS,condemnable
607,RELIABLE,condemnation
608,RELIABILITY,condemned
609,RELIGION,condemns
610,RESOURCEFULNESS,condescend
611,RESPONSIBILITY,condescending
612,RIGHTEOUSNESS,condescendingly
613,RISK-TAKING,condescension
614,ROMANCE,confess
615,REVELATION,confession
616,REVIVED,confessions
617,RESTORE,confined
618,RESTORED,conflict
619,REST,conflicted
620,RESTED,conflicting
621,RENEW,conflicts
622,RENEWED,confound
623,REJUVENATE,confounded
624,REJUVENATED,confounding
625,RAPTURE,confront
626,RAPTUROUS,confrontation
627,RESILIENT,confrontational
628,RESILIENCE,confuse
629,REVERENCE,confused
630,RIPE,confuses
631,REBORN,confusing
632,RELATEDNESS,confusion
633,RASASVADA,confusions
634,REPOSE,congested
635,ROSINESS,congestion
636,SCOPE,cons
637,SMILE,conservative
638,SMILING,conspicuous
639,SOULMATE,conspicuously
640,SOUL,conspiracies
641,SOULFUL,conspiracy
642,SACRED,conspirator
643,SAFE,conspiratorial
644,SAFETY,conspire
645,SECURE,consternation
646,SECURED,contagious
647,SECURITY,contaminate
648,SUSTAIN,contaminated
649,SUSTAINED,contaminates
650,SAVE,contaminating
651,SAVINGS,contamination
652,SIMPLE,contempt
653,SIMPLIFY,contemptible
654,SELFLESSNESS,contemptuous
655,SELF-ESTEEM,contemptuously
656,SERVICE,contend
657,SIMPLICITY,contention
658,SINCERITY,contentious
659,SKILL,contort
660,SKILLED,contortions
661,SPIRIT,contradict
662,SERENE,contradiction
663,SERENITY,contradictory
664,STABILITY,contrariness
665,STRENGTH,contravene
666,STYLE,contrive
667,SYSTEMATIZATION,contrived
668,SELF-LOVE,controversial
669,STRIVE,controversy
670,SALVATION,convoluted
671,SELF-RESPECT,corrode
672,SELF-FORGIVENESS,corrosion
673,SERVE,corrosions
674,SYMPATHETIC,corrosive
675,SELF-COMPASSION,corrupt
676,SELF-KINDNESS,corrupted
677,SPELLBOUND,corrupting
678,STIMULATED,corruption
679,STIMULATING,corrupts
680,STIMULATION,costlier
681,SATISFIED,costly
682,STILL,counter-productive
683,SURPRISED,counterproductive
684,SLEEP,covetous
685,SEXUAL,coward
686,EXPRESSION,cowardly
687,SHELTER,crabby
688,SELF-EXPRESSION,crack
689,SPACE,cracked
690,SPACIOUS,cracks
691,SPONTANEITY,craftily
692,SPONTANEOUS,crafty
693,SUNSHINE,cramp
694,SPARK,cramped
695,SPARKLE,cramping
696,SPARKLES,cranky
697,SWEET,crap
698,SWEETNESS,crappy
699,SUPPORT,craps
700,SUPPORTING,crash
701,SUPPORTED,crashed
702,SEXY,crashes
703,SEXINESS,crashing
704,SUPREME,crass
705,SUCCULENT,craven
706,SWEETHEART,cravenly
707,STUDY,craze
708,STUDIOUS,crazily
709,SAVOUR,craziness
710,SAVOURING,crazy
711,SUFFICIENT,creak
712,STUPENDOUS,creaking
713,SWAG,creaks
714,SWAGGY,credulous
715,SPLENDID,creep
716,SMART,creeping
717,SPECTACULAR,creeps
718,SPECIAL,creepy
719,SERENDIPITY,crept
720,SYNERGY,crime
721,SHINE,criminal
722,SHINING,cringe
723,START,cringed
724,STEADFASTNESS,cringes
725,SUBLIME,cripple
726,SUNNINESS,crippled
727,SUPERPOWER,cripples
728,SPUNKY,crippling
729,SHAPE-SHIFTING,crisis
730,VIRTUOSO,critic
731,SOUL-STRETCHING,critical
732,STRONG,criticism
733,WORDS,criticisms
734,SACRED,criticize
735,SPACE,criticized
736,SHIFT,criticizing
737,IN,critics
738,FOCUS,cronyism
739,SHOW,crook
740,UP,crooked
741,MORE,crooks
742,PRESENT,crowded
743,STELLAR,crowdedness
744,SUPERCHARGE,crude
745,SUPERCHARGED,cruel
746,SYMPTOMS,crueler
747,OF,cruelest
748,GREATNESS,cruelly
749,SYNCHRONICITY,cruelness
750,TRUE,cruelties
751,TRUST,cruelty
752,TRUSTING,crumble
753,TACT,crumbling
754,TEACH,crummy
755,TEACHABLE,crumple
756,TEAM,crumpled
757,THANKFUL,crumples
758,THANK,crush
759,THANK-YOU,crushed
760,THANKFULNESS,crushing
761,THERAPY,cry
762,TIME,culpable
763,TEAMWORK,culprit
764,TIMELINESS,cumbersome
765,TOLERANCE,curse
766,TRADITION,cursed
767,TRANQUIL,curses
768,TRANQUILITY,curt
769,TRUTH,cuss
770,TRUTHFULNESS,cussed
771,TENDER,cutthroat
772,THRILLED,cynical
773,TOUCH,cynicism
774,TOUCHED,damage
775,TICKLED,damaged
776,TO,damages
777,MATTER,damaging
778,TO,damn
779,KNOW,damnable
780,TO,damnably
781,BE,damnation
782,KNOWN,damned
783,TO,damning
784,BE,damper
785,SEEN,danger
786,TRANSFORMATIVE,dangerous
787,TRANSFORMATION,dangerousness
788,TRANSFORM,dark
789,TRIUMPH,darken
790,THRIVE,darkened
791,THRIVING,darker
792,TENACITY,darkness
793,UNIFICATION,dastard
794,UNIQUE,dastardly
795,UPLIFT,daunt
796,ULTIMATE,daunting
797,UNCONDITIONAL,dauntingly
798,UPGRADE,dawdle
799,USEFUL,daze
800,USER-FRIENDLY,dazed
801,UNITY,dead
802,UNDERSTAND,deadbeat
803,UNDERSTANDING,deadlock
804,UNDERSTOOD,deadly
805,UNIFICATION,deadweight
806,OF,deaf
807,MIND,dearth
808,UP,death
809,UPSKILL,debacle
810,VITALITY,debase
811,VALUE,debasement
812,VALUES,debaser
813,VALUABLE,debatable
814,VIRTUOUS,debauch
815,VALID,debaucher
816,VERIFY,debauchery
817,VERY,debilitate
818,VIABLE,debilitating
819,VIRTUE,debility
820,VICTORY,debt
821,VICTORIOUS,debts
822,VARIETY,decadence
823,VULNERABILITY,decadent
824,VULNERABLE,decay
825,VIBRANT,decayed
826,VOW,deceit
827,VIM,deceitful
828,VIGOR,deceitfully
829,VENERATION,deceitfulness
830,VOCABULEVERAGE,deceive
831,VERSATILITY,deceiver
832,UBUNTU,deceivers
833,WORTH,deceiving
834,WORTHY,deception
835,WORTHINESS,deceptive
836,WEALTH,deceptively
837,WARM,declaim
838,WARMTH,decline
839,WELCOME,declines
840,WILL-,declining
841,WILLING,decrement
842,WILLINGNESS,decrepit
843,WISDOM,decrepitude
844,WISE,decry
845,WON,defamation
846,WONDERFUL,defamations
847,WELL-BEING,defamatory
848,WHOLEHEARTEDNESS,defame
849,WOW,defect
850,WONDER,defective
851,WATER,defects
852,WELL,defensive
853,WELLNESS,defiance
854,WELFARE,defiant
855,WHOLE,defiantly
856,WONDER-WORKING,deficiencies
857,WIN,deficiency
858,WINNABLE,deficient
859,WINNING,defile
860,WALWALUN,defiler
861,WEB,deform
862,OF,deformed
863,RELATEDNESS,defrauding
864,WHOLEHEARTEDLY,defunct
865,WILLING,defy
866,TO,degenerate
867,LEARN,degenerately
868,WONDROUS,degeneration
869,WORLD-BUILDER,degradation
870,WORTHINESS,degrade
871,TO,degrading
872,TAKE,degradingly
873,UP,dehumanization
874,SPACE,dehumanize
875,XO,deign
876,X-RAY,deject
877,VISION,dejected
878,XENODOCHIAL,dejectedly
879,XFACTOR,dejection
880,XENOPHILE,delay
881,XENIAL,delayed
882,YES,delaying
883,YOUTH,delays
884,YOUTHFUL,delinquency
885,YOUNG,delinquent
886,YOUNG-,delirious
887,AT-HEART,delirium
888,YIPPEE,delude
889,YAY,deluded
890,YEARN,deluge
891,YEA,delusion
892,YEAH,delusional
893,YUMMY,delusions
894,YEN,demean
895,YESABILITY,demeaning
896,YUGEN,demise
897,YARAANA,demolish
898,YESABLE,demolisher
899,YOU,demon
900,ARE,demonic
901,LOVED,demonize
902,YOUR,demonized
903,TRUE,demonizes
904,VALUE,demonizing
905,ZEALOUS,demoralize
906,ZEAL,demoralizing
907,ZEST,demoralizingly
908,ZESTY,denial
909,ZESTFUL,denied
910,ZIPPY,denies
911,ZING,denigrate
912,ZAPPY,denounce
913,ZANY,dense
914,ZEST,dent
915,FOR,dented
916,LIFE,dents
917,,denunciate
918,,denunciation
919,,denunciations
920,,deny
921,,denying
922,,deplete
923,,deplorable
924,,deplorably
925,,deplore
926,,deploring
927,,deploringly
928,,deprave
929,,depraved
930,,depravedly
931,,deprecate
932,,depress
933,,depressed
934,,depressing
935,,depressingly
936,,depression
937,,depressions
938,,deprive
939,,deprived
940,,deride
941,,derision
942,,derisive
943,,derisively
944,,derisiveness
945,,derogatory
946,,desecrate
947,,desert
948,,desertion
949,,desiccate
950,,desiccated
951,,desolate
952,,desolately
953,,desolation
954,,despair
955,,despairing
956,,despairingly
957,,desperate
958,,desperately
959,,desperation
960,,despicable
961,,despicably
962,,despise
963,,despised
964,,despoil
965,,despoiler
966,,despondence
967,,despondency
968,,despondent
969,,despondently
970,,despot
971,,despotic
972,,despotism
973,,destitute
974,,destitution
975,,destroy
976,,destroyer
977,,destruction
978,,destructive
979,,desultory
980,,deter
981,,deteriorate
982,,deteriorating
983,,deterioration
984,,deterrent
985,,detest
986,,detestable
987,,detestably
988,,detested
989,,detesting
990,,detests
991,,detract
992,,detracted
993,,detracting
994,,detraction
995,,detracts
996,,detriment
997,,detrimental
998,,devastate
999,,devastated
1000,,devastates
1001,,devastating
1002,,devastatingly
1003,,devastation
1004,,deviate
1005,,deviation
1006,,devil
1007,,devilish
1008,,devilishly
1009,,devilment
1010,,devilry
1011,,devious
1012,,deviously
1013,,deviousness
1014,,devoid
1015,,diabolic
1016,,diabolical
1017,,diabolically
1018,,diametrically
1019,,diatribe
1020,,diatribes
1021,,dick
1022,,dictator
1023,,dictatorial
1024,,die
1025,,die-hard
1026,,died
1027,,dies
1028,,difficult
1029,,difficulties
1030,,difficulty
1031,,diffidence
1032,,dilapidated
1033,,dilemma
1034,,dilly-dally
1035,,dim
1036,,dimmer
1037,,ding
1038,,dings
1039,,dinky
1040,,dire
1041,,direly
1042,,direness
1043,,dirt
1044,,dirty
1045,,disable
1046,,disabled
1047,,disaccord
1048,,disadvantage
1049,,disadvantaged
1050,,disadvantageous
1051,,disadvantages
1052,,disaffect
1053,,disaffected
1054,,disaffirm
1055,,disagree
1056,,disagreeable
1057,,disagreeably
1058,,disagreed
1059,,disagreeing
1060,,disagreement
1061,,disagrees
1062,,disallow
1063,,disappoint
1064,,disappointed
1065,,disappointing
1066,,disappointingly
1067,,disappointment
1068,,disappointments
1069,,disappoints
1070,,disapprobation
1071,,disapproval
1072,,disapprove
1073,,disapproving
1074,,disarm
1075,,disarray
1076,,disaster
1077,,disastrous
1078,,disastrously
1079,,disavow
1080,,disavowal
1081,,disbelief
1082,,disbelieve
1083,,disbeliever
1084,,disclaim
1085,,discombobulate
1086,,discomfit
1087,,discomfort
1088,,discompose
1089,,disconcert
1090,,disconcerted
1091,,disconcerting
1092,,disconcertingly
1093,,disconsolate
1094,,disconsolately
1095,,disconsolation
1096,,discontent
1097,,discontented
1098,,discontentedly
1099,,discontinued
1100,,discontinuity
1101,,discontinuous
1102,,discord
1103,,discordance
1104,,discordant
1105,,discountenance
1106,,discourage
1107,,discouragement
1108,,discouraging
1109,,discouragingly
1110,,discourteous
1111,,discourteously
1112,,discredit
1113,,discrepant
1114,,discriminate
1115,,discrimination
1116,,discriminatory
1117,,disdain
1118,,disdained
1119,,disdainful
1120,,disdainfully
1121,,disfavor
1122,,disgrace
1123,,disgraced
1124,,disgraceful
1125,,disgracefully
1126,,disgruntle
1127,,disgruntled
1128,,disgust
1129,,disgusted
1130,,disgustedly
1131,,disgustful
1132,,disgustfully
1133,,disgusting
1134,,disgustingly
1135,,dishearten
1136,,disheartening
1137,,dishearteningly
1138,,dishonest
1139,,dishonestly
1140,,dishonesty
1141,,dishonor
1142,,dishonorable
1143,,disillusion
1144,,disillusioned
1145,,disillusionment
1146,,disillusions
1147,,disinclination
1148,,disinclined
1149,,disingenuous
1150,,disingenuously
1151,,disintegrate
1152,,disintegrated
1153,,disintegrates
1154,,disintegration
1155,,disinterest
1156,,disinterested
1157,,dislike
1158,,disliked
1159,,dislikes
1160,,disliking
1161,,dislocated
1162,,disloyal
1163,,disloyalty
1164,,dismal
1165,,dismally
1166,,dismalness
1167,,dismay
1168,,dismayed
1169,,dismaying
1170,,dismayingly
1171,,dismissive
1172,,dismissively
1173,,disobedience
1174,,disobedient
1175,,disobey
1176,,disorder
1177,,disordered
1178,,disorderly
1179,,disorganized
1180,,disorient
1181,,disoriented
1182,,disown
1183,,disparage
1184,,disparaging
1185,,disparagingly
1186,,dispensable
1187,,dispirit
1188,,dispirited
1189,,dispiritedly
1190,,dispiriting
1191,,displace
1192,,displaced
1193,,displease
1194,,displeased
1195,,displeasing
1196,,displeasure
1197,,disproportionate
1198,,disprove
1199,,disputable
1200,,dispute
1201,,disputed
1202,,disquiet
1203,,disquieting
1204,,disquietingly
1205,,disquietude
1206,,disregard
1207,,disregardful
1208,,disreputable
1209,,disrepute
1210,,disrespect
1211,,disrespectable
1212,,disrespectful
1213,,disrespectfully
1214,,disrespectfulness
1215,,disrespecting
1216,,disrupt
1217,,disruption
1218,,disruptive
1219,,dissatisfaction
1220,,dissatisfactory
1221,,dissatisfied
1222,,dissatisfies
1223,,dissatisfy
1224,,dissatisfying
1225,,dissed
1226,,dissemble
1227,,dissembler
1228,,dissension
1229,,dissent
1230,,dissenter
1231,,dissention
1232,,disservice
1233,,disses
1234,,dissidence
1235,,dissident
1236,,dissidents
1237,,dissing
1238,,dissocial
1239,,dissolute
1240,,dissolution
1241,,dissonance
1242,,dissonant
1243,,dissonantly
1244,,dissuade
1245,,dissuasive
1246,,distains
1247,,distaste
1248,,distasteful
1249,,distastefully
1250,,distort
1251,,distorted
1252,,distortion
1253,,distorts
1254,,distract
1255,,distracting
1256,,distraction
1257,,distraught
1258,,distraughtly
1259,,distress
1260,,distressed
1261,,distressing
1262,,distressingly
1263,,distrust
1264,,distrustful
1265,,distrusting
1266,,disturb
1267,,disturbance
1268,,disturbed
1269,,disturbing
1270,,disturbingly
1271,,disunity
1272,,disvalue
1273,,divergent
1274,,divisive
1275,,divisively
1276,,divisiveness
1277,,dizzy
1278,,doddering
1279,,dogged
1280,,doggedly
1281,,dogmatic
1282,,doldrums
1283,,domineer
1284,,domineering
1285,,doom
1286,,doomed
1287,,doomsday
1288,,dope
1289,,doubt
1290,,doubtful
1291,,doubtfully
1292,,doubts
1293,,douchebag
1294,,douchebags
1295,,downbeat
1296,,downcast
1297,,downer
1298,,downfall
1299,,downfallen
1300,,downgrade
1301,,downhearted
1302,,downheartedly
1303,,downhill
1304,,downside
1305,,downsides
1306,,downturn
1307,,downturns
1308,,drab
1309,,draconian
1310,,draconic
1311,,drag
1312,,dragged
1313,,dragging
1314,,dragoon
1315,,drags
1316,,drain
1317,,drained
1318,,draining
1319,,drains
1320,,drastic
1321,,drastically
1322,,drawback
1323,,drawbacks
1324,,dread
1325,,dreadful
1326,,dreadfully
1327,,dreadfulness
1328,,dreary
1329,,dripped
1330,,dripping
1331,,drippy
1332,,drips
1333,,drones
1334,,droop
1335,,droops
1336,,drop-out
1337,,drop-outs
1338,,dropout
1339,,dropouts
1340,,drought
1341,,drowning
1342,,drunk
1343,,drunkard
1344,,drunken
1345,,dubious
1346,,dubiously
1347,,dubitable
1348,,dud
1349,,dull
1350,,dullard
1351,,dumb
1352,,dumbfound
1353,,dump
1354,,dumped
1355,,dumping
1356,,dumps
1357,,dunce
1358,,dungeon
1359,,dungeons
1360,,dupe
1361,,dust
1362,,dusty
1363,,dwindling
1364,,dying
1365,,earsplitting
1366,,eccentric
1367,,eccentricity
1368,,effigy
1369,,effrontery
1370,,egocentric
1371,,egomania
1372,,egotism
1373,,egotistical
1374,,egotistically
1375,,egregious
1376,,egregiously
1377,,election-rigger
1378,,elimination
1379,,emaciated
1380,,emasculate
1381,,embarrass
1382,,embarrassing
1383,,embarrassingly
1384,,embarrassment
1385,,embattled
1386,,embroil
1387,,embroiled
1388,,embroilment
1389,,emergency
1390,,emphatic
1391,,emphatically
1392,,emptiness
1393,,encroach
1394,,encroachment
1395,,endanger
1396,,enemies
1397,,enemy
1398,,enervate
1399,,enfeeble
1400,,enflame
1401,,engulf
1402,,enjoin
1403,,enmity
1404,,enrage
1405,,enraged
1406,,enraging
1407,,enslave
1408,,entangle
1409,,entanglement
1410,,entrap
1411,,entrapment
1412,,envious
1413,,enviously
1414,,enviousness
1415,,epidemic
1416,,equivocal
1417,,erase
1418,,erode
1419,,erodes
1420,,erosion
1421,,err
1422,,errant
1423,,erratic
1424,,erratically
1425,,erroneous
1426,,erroneously
1427,,error
1428,,errors
1429,,eruptions
1430,,escapade
1431,,eschew
1432,,estranged
1433,,evade
1434,,evasion
1435,,evasive
1436,,evil
1437,,evildoer
1438,,evils
1439,,eviscerate
1440,,exacerbate
1441,,exaggerate
1442,,exaggeration
1443,,exasperate
1444,,exasperated
1445,,exasperating
1446,,exasperatingly
1447,,exasperation
1448,,excessive
1449,,excessively
1450,,exclusion
1451,,excoriate
1452,,excruciating
1453,,excruciatingly
1454,,excuse
1455,,excuses
1456,,execrate
1457,,exhaust
1458,,exhausted
1459,,exhaustion
1460,,exhausts
1461,,exhort
1462,,exile
1463,,exorbitant
1464,,exorbitantly
1465,,expel
1466,,expensive
1467,,expire
1468,,expired
1469,,explode
1470,,exploit
1471,,exploitation
1472,,explosive
1473,,expropriate
1474,,expropriation
1475,,expulse
1476,,expunge
1477,,exterminate
1478,,extermination
1479,,extinguish
1480,,extort
1481,,extortion
1482,,extraneous
1483,,extravagance
1484,,extravagant
1485,,extravagantly
1486,,extremism
1487,,extremist
1488,,extremists
1489,,eyesore
1490,,f
1491,,k
1492,,fabricate
1493,,fabrication
1494,,facetious
1495,,facetiously
1496,,fail
1497,,failed
1498,,failing
1499,,fails
1500,,failure
1501,,failures
1502,,faint
1503,,fainthearted
1504,,faithless
1505,,fake
1506,,fall
1507,,fallacies
1508,,fallacious
1509,,fallaciously
1510,,fallaciousness
1511,,fallacy
1512,,fallen
1513,,falling
1514,,fallout
1515,,falls
1516,,FALSE
1517,,falsehood
1518,,falsely
1519,,falsify
1520,,falter
1521,,faltered
1522,,famine
1523,,famished
1524,,fanatic
1525,,fanatical
1526,,fanatically
1527,,fanaticism
1528,,fanatics
1529,,fanciful
1530,,far-fetched
1531,,farce
1532,,farcical
1533,,farcical-yet-provocative
1534,,farcically
1535,,farfetched
1536,,fascism
1537,,fascist
1538,,fastidious
1539,,fastidiously
1540,,fat
1541,,fat-cat
1542,,fat-cats
1543,,fatal
1544,,fatalistic
1545,,fatalistically
1546,,fatally
1547,,fateful
1548,,fatefully
1549,,fathomless
1550,,fatigue
1551,,fatigued
1552,,fatty
1553,,fatuity
1554,,fatuous
1555,,fatuously
1556,,fault
1557,,faults
1558,,faulty
1559,,fawningly
1560,,faze
1561,,fear
1562,,fearful
1563,,fearfully
1564,,fears
1565,,fearsome
1566,,feckless
1567,,feeble
1568,,feebleminded
1569,,feign
1570,,feint
1571,,fell
1572,,felon
1573,,felonious
1574,,ferociously
1575,,ferocity
1576,,fetid
1577,,fever
1578,,feverish
1579,,fevers
1580,,fiasco
1581,,fib
1582,,fibber
1583,,fickle
1584,,fiction
1585,,fictional
1586,,fictitious
1587,,fidget
1588,,fidgety
1589,,fiend
1590,,fiendish
1591,,fierce
1592,,figurehead
1593,,filth
1594,,filthy
1595,,finagle
1596,,finicky
1597,,fissures
1598,,fist
1599,,flabbergast
1600,,flabbergasted
1601,,flagging
1602,,flagrant
1603,,flagrantly
1604,,flair
1605,,flairs
1606,,flak
1607,,flake
1608,,flakey
1609,,flaking
1610,,flaky
1611,,flare
1612,,flares
1613,,flat-out
1614,,flaunt
1615,,flaw
1616,,flawed
1617,,flaws
1618,,flee
1619,,fleeing
1620,,fleer
1621,,flees
1622,,fleeting
1623,,flicker
1624,,flickering
1625,,flickers
1626,,flighty
1627,,flimflam
1628,,flimsy
1629,,flirt
1630,,flirty
1631,,floored
1632,,flounder
1633,,floundering
1634,,flout
1635,,fluster
1636,,foe
1637,,fool
1638,,fooled
1639,,foolhardy
1640,,foolish
1641,,foolishly
1642,,foolishness
1643,,forbid
1644,,forbidden
1645,,forbidding
1646,,forceful
1647,,foreboding
1648,,forebodingly
1649,,forfeit
1650,,forged
1651,,forgetful
1652,,forgetfully
1653,,forgetfulness
1654,,forlorn
1655,,forlornly
1656,,forsake
1657,,forsaken
1658,,forswear
1659,,foul
1660,,foully
1661,,foulness
1662,,fractious
1663,,fractiously
1664,,fracture
1665,,fragile
1666,,fragmented
1667,,frail
1668,,frantic
1669,,frantically
1670,,franticly
1671,,fraud
1672,,fraudulent
1673,,fraught
1674,,frazzle
1675,,frazzled
1676,,freak
1677,,freaking
1678,,freakish
1679,,freakishly
1680,,freaks
1681,,freeze
1682,,freezes
1683,,freezing
1684,,frenetic
1685,,frenetically
1686,,frenzied
1687,,frenzy
1688,,fret
1689,,fretful
1690,,frets
1691,,friction
1692,,frictions
1693,,fried
1694,,frigging
1695,,fright
1696,,frighten
1697,,frightening
1698,,frighteningly
1699,,frightful
1700,,frightfully
1701,,frigid
1702,,frost
1703,,frown
1704,,froze
1705,,frozen
1706,,fruitless
1707,,fruitlessly
1708,,frustrate
1709,,frustrated
1710,,frustrates
1711,,frustrating
1712,,frustratingly
1713,,frustration
1714,,frustrations
1715,,f
1716,,ck
1717,,f
1718,,cking
1719,,fudge
1720,,fugitive
1721,,full-blown
1722,,fulminate
1723,,fumble
1724,,fume
1725,,fumes
1726,,fundamentalism
1727,,funky
1728,,funnily
1729,,funny
1730,,furious
1731,,furiously
1732,,furor
1733,,fury
1734,,fuss
1735,,fussy
1736,,fustigate
1737,,fusty
1738,,futile
1739,,futilely
1740,,futility
1741,,fuzzy
1742,,gabble
1743,,gaff
1744,,gaffe
1745,,gainsay
1746,,gainsayer
1747,,gall
1748,,galling
1749,,gallingly
1750,,galls
1751,,gangster
1752,,gape
1753,,garbage
1754,,garish
1755,,gasp
1756,,gauche
1757,,gaudy
1758,,gawk
1759,,gawky
1760,,geezer
1761,,genocide
1762,,get-rich
1763,,ghastly
1764,,ghetto
1765,,ghosting
1766,,gibber
1767,,gibberish
1768,,gibe
1769,,giddy
1770,,gimmick
1771,,gimmicked
1772,,gimmicking
1773,,gimmicks
1774,,gimmicky
1775,,glare
1776,,glaringly
1777,,glib
1778,,glibly
1779,,glitch
1780,,glitches
1781,,gloatingly
1782,,gloom
1783,,gloomy
1784,,glower
1785,,glum
1786,,glut
1787,,gnawing
1788,,goad
1789,,goading
1790,,god-awful
1791,,goof
1792,,goofy
1793,,goon
1794,,gossip
1795,,graceless
1796,,gracelessly
1797,,graft
1798,,grainy
1799,,grapple
1800,,grate
1801,,grating
1802,,gravely
1803,,greasy
1804,,greed
1805,,greedy
1806,,grief
1807,,grievance
1808,,grievances
1809,,grieve
1810,,grieving
1811,,grievous
1812,,grievously
1813,,grim
1814,,grimace
1815,,grind
1816,,gripe
1817,,gripes
1818,,grisly
1819,,gritty
1820,,gross
1821,,grossly
1822,,grotesque
1823,,grouch
1824,,grouchy
1825,,groundless
1826,,grouse
1827,,growl
1828,,grudge
1829,,grudges
1830,,grudging
1831,,grudgingly
1832,,gruesome
1833,,gruesomely
1834,,gruff
1835,,grumble
1836,,grumpier
1837,,grumpiest
1838,,grumpily
1839,,grumpy
1840,,guile
1841,,guilt
1842,,guiltily
1843,,guilty
1844,,gullible
1845,,gutless
1846,,gutter
1847,,hack
1848,,hacks
1849,,haggard
1850,,haggle
1851,,halfhearted
1852,,halfheartedly
1853,,hallucinate
1854,,hallucination
1855,,hamper
1856,,hampered
1857,,handicapped
1858,,hang
1859,,hangs
1860,,haphazard
1861,,hapless
1862,,harangue
1863,,harass
1864,,harassed
1865,,harasses
1866,,harassment
1867,,harboring
1868,,harbors
1869,,hard
1870,,hard-hit
1871,,hard-liner
1872,,hardball
1873,,harden
1874,,hardened
1875,,hardheaded
1876,,hardhearted
1877,,hardliner
1878,,hardliners
1879,,hardship
1880,,hardships
1881,,harm
1882,,harmed
1883,,harmful
1884,,harms
1885,,harpy
1886,,harridan
1887,,harried
1888,,harrow
1889,,harsh
1890,,harshly
1891,,hassle
1892,,hassled
1893,,hassles
1894,,haste
1895,,hastily
1896,,hasty
1897,,hate
1898,,hated
1899,,hateful
1900,,hatefully
1901,,hatefulness
1902,,hater
1903,,haters
1904,,hates
1905,,hating
1906,,hatred
1907,,haughtily
1908,,haughty
1909,,haunt
1910,,haunting
1911,,havoc
1912,,hawkish
1913,,haywire
1914,,hazard
1915,,hazardous
1916,,haze
1917,,hazy
1918,,head-aches
1919,,headache
1920,,headaches
1921,,heartbreaker
1922,,heartbreaking
1923,,heartbreakingly
1924,,heartless
1925,,heathen
1926,,heavy-handed
1927,,heavyhearted
1928,,heck
1929,,heckle
1930,,heckled
1931,,heckles
1932,,hectic
1933,,hedge
1934,,hedonistic
1935,,heedless
1936,,hefty
1937,,hegemony
1938,,heinous
1939,,hell
1940,,hell-bent
1941,,hellion
1942,,hells
1943,,helpless
1944,,helplessly
1945,,helplessness
1946,,heresy
1947,,heretic
1948,,heretical
1949,,hesitant
1950,,hideous
1951,,hideously
1952,,hideousness
1953,,high-priced
1954,,hinder
1955,,hindrance
1956,,hiss
1957,,hissed
1958,,hissing
1959,,ho-hum
1960,,hoard
1961,,hoax
1962,,hobble
1963,,hogs
1964,,hollow
1965,,hoodwink
1966,,hooligan
1967,,hopeless
1968,,hopelessly
1969,,hopelessness
1970,,horde
1971,,horrendous
1972,,horrendously
1973,,horrible
1974,,horrid
1975,,horrific
1976,,horrified
1977,,horrifies
1978,,horrify
1979,,horrifying
1980,,hostage
1981,,hostile
1982,,hostilities
1983,,hostility
1984,,hotbeds
1985,,hothead
1986,,hotheaded
1987,,hothouse
1988,,hubris
1989,,huckster
1990,,hum
1991,,humid
1992,,humiliate
1993,,humiliating
1994,,humiliation
1995,,humming
1996,,hung
1997,,hurt
1998,,hurtful
1999,,hurting
2000,,hurts
2001,,hustler
2002,,hype
2003,,hypocrisy
2004,,hypocrite
2005,,hypocrites
2006,,hypocritical
2007,,hypocritically
2008,,hysteria
2009,,hysteric
2010,,hysterical
2011,,hysterically
2012,,hysterics
2013,,idiocies
2014,,idiocy
2015,,idiot
2016,,idiotic
2017,,idiotically
2018,,idiots
2019,,idle
2020,,ignoble
2021,,ignominious
2022,,ignominiously
2023,,ignominy
2024,,ignorance
2025,,ignorant
2026,,ignore
2027,,ill-advised
2028,,ill-conceived
2029,,ill-defined
2030,,ill-designed
2031,,ill-fated
2032,,ill-favored
2033,,ill-formed
2034,,ill-mannered
2035,,ill-natured
2036,,ill-sorted
2037,,ill-tempered
2038,,ill-treated
2039,,ill-treatment
2040,,ill-usage
2041,,ill-used
2042,,illegal
2043,,illegally
2044,,illegitimate
2045,,illicit
2046,,illiterate
2047,,illness
2048,,illogical
2049,,illogically
2050,,illusion
2051,,illusions
2052,,illusory
2053,,imaginary
2054,,imbalance
2055,,imbecile
2056,,imbroglio
2057,,immaterial
2058,,immature
2059,,imminence
2060,,imminently
2061,,immobilized
2062,,immoderate
2063,,immoderately
2064,,immodest
2065,,immoral
2066,,immorality
2067,,immorally
2068,,immovable
2069,,impair
2070,,impaired
2071,,impasse
2072,,impatience
2073,,impatient
2074,,impatiently
2075,,impeach
2076,,impedance
2077,,impede
2078,,impediment
2079,,impending
2080,,impenitent
2081,,imperfect
2082,,imperfection
2083,,imperfections
2084,,imperfectly
2085,,imperialist
2086,,imperil
2087,,imperious
2088,,imperiously
2089,,impermissible
2090,,impersonal
2091,,impertinent
2092,,impetuous
2093,,impetuously
2094,,impiety
2095,,impinge
2096,,impious
2097,,implacable
2098,,implausible
2099,,implausibly
2100,,implicate
2101,,implication
2102,,implode
2103,,impolite
2104,,impolitely
2105,,impolitic
2106,,importunate
2107,,importune
2108,,impose
2109,,imposers
2110,,imposing
2111,,imposition
2112,,impossible
2113,,impossibly
2114,,impotent
2115,,impoverish
2116,,impoverished
2117,,impractical
2118,,imprecate
2119,,imprecise
2120,,imprecisely
2121,,imprecision
2122,,imprison
2123,,imprisonment
2124,,improbability
2125,,improbable
2126,,improbably
2127,,improper
2128,,improperly
2129,,impropriety
2130,,imprudence
2131,,imprudent
2132,,impudence
2133,,impudent
2134,,impudently
2135,,impugn
2136,,impulsive
2137,,impulsively
2138,,impunity
2139,,impure
2140,,impurity
2141,,inability
2142,,inaccuracies
2143,,inaccuracy
2144,,inaccurate
2145,,inaccurately
2146,,inaction
2147,,inactive
2148,,inadequacy
2149,,inadequate
2150,,inadequately
2151,,inadvisable
2152,,inane
2153,,inanely
2154,,inappropriate
2155,,inappropriately
2156,,inapt
2157,,inarticulate
2158,,inattentive
2159,,inaudible
2160,,incapable
2161,,incapably
2162,,incautious
2163,,incendiary
2164,,incense
2165,,incessant
2166,,incessantly
2167,,incite
2168,,incitement
2169,,incivility
2170,,inclement
2171,,incoherence
2172,,incoherent
2173,,incoherently
2174,,incommensurate
2175,,incomparable
2176,,incomparably
2177,,incompatibility
2178,,incompatible
2179,,incompetence
2180,,incompetent
2181,,incompetently
2182,,incomplete
2183,,incomprehensible
2184,,incomprehension
2185,,inconceivable
2186,,inconceivably
2187,,incongruous
2188,,incongruously
2189,,inconsequential
2190,,inconsequentially
2191,,inconsiderate
2192,,inconsiderately
2193,,inconsistencies
2194,,inconsistency
2195,,inconsistent
2196,,inconsolable
2197,,inconsolably
2198,,inconstant
2199,,inconvenience
2200,,inconveniently
2201,,incorrect
2202,,incorrectly
2203,,incorrigible
2204,,incorrigibly
2205,,incredulous
2206,,incredulously
2207,,inculcate
2208,,indecency
2209,,indecent
2210,,indecently
2211,,indecision
2212,,indecisive
2213,,indecisively
2214,,indefensible
2215,,indelicate
2216,,indeterminable
2217,,indeterminably
2218,,indeterminate
2219,,indifference
2220,,indifferent
2221,,indigent
2222,,indignant
2223,,indignantly
2224,,indignation
2225,,indignity
2226,,indiscernible
2227,,indiscreet
2228,,indiscreetly
2229,,indiscretion
2230,,indiscriminate
2231,,indiscriminately
2232,,indistinguishable
2233,,indoctrinate
2234,,indoctrination
2235,,indolent
2236,,indulge
2237,,ineffective
2238,,ineffectively
2239,,ineffectiveness
2240,,ineffectual
2241,,ineffectually
2242,,inefficacy
2243,,inefficiency
2244,,inefficient
2245,,inefficiently
2246,,inelegance
2247,,inelegant
2248,,ineligible
2249,,inept
2250,,ineptitude
2251,,ineptly
2252,,inequalities
2253,,inequality
2254,,inequitable
2255,,inequitably
2256,,inequities
2257,,inescapable
2258,,inescapably
2259,,inessential
2260,,inevitable
2261,,inevitably
2262,,inexcusable
2263,,inexcusably
2264,,inexorable
2265,,inexorably
2266,,inexperience
2267,,inexperienced
2268,,inexpert
2269,,inexpertly
2270,,inexpiable
2271,,inextricable
2272,,inextricably
2273,,infamous
2274,,infamously
2275,,infamy
2276,,infected
2277,,infection
2278,,infections
2279,,inferior
2280,,inferiority
2281,,infernal
2282,,infest
2283,,infested
2284,,infidel
2285,,infidels
2286,,infiltrator
2287,,infiltrators
2288,,infirm
2289,,inflame
2290,,inflammation
2291,,inflammatory
2292,,inflated
2293,,inflationary
2294,,inflexible
2295,,inflict
2296,,infraction
2297,,infringe
2298,,infringement
2299,,infringements
2300,,infuriate
2301,,infuriated
2302,,infuriating
2303,,infuriatingly
2304,,inglorious
2305,,ingrate
2306,,ingratitude
2307,,inhibit
2308,,inhibition
2309,,inhospitable
2310,,inhuman
2311,,inhumane
2312,,inhumanity
2313,,inimical
2314,,inimically
2315,,iniquitous
2316,,iniquity
2317,,injudicious
2318,,injure
2319,,injurious
2320,,injury
2321,,injustice
2322,,injustices
2323,,innuendo
2324,,inoperable
2325,,inopportune
2326,,inordinate
2327,,inordinately
2328,,insane
2329,,insanely
2330,,insanity
2331,,insatiable
2332,,insecure
2333,,insecurity
2334,,insensible
2335,,insensitive
2336,,insensitively
2337,,insensitivity
2338,,insidious
2339,,insidiously
2340,,insignificance
2341,,insignificant
2342,,insignificantly
2343,,insincere
2344,,insincerely
2345,,insincerity
2346,,insinuate
2347,,insinuating
2348,,insinuation
2349,,insolence
2350,,insolent
2351,,insolently
2352,,insolvent
2353,,insouciance
2354,,instability
2355,,instigate
2356,,instigator
2357,,instigators
2358,,insubordinate
2359,,insubstantial
2360,,insubstantially
2361,,insufferable
2362,,insufferably
2363,,insufficiency
2364,,insufficient
2365,,insufficiently
2366,,insular
2367,,insult
2368,,insulted
2369,,insulting
2370,,insultingly
2371,,insults
2372,,insupportable
2373,,insurmountable
2374,,insurmountably
2375,,insurrection
2376,,intense
2377,,interfere
2378,,interference
2379,,interferes
2380,,intermittent
2381,,interrupt
2382,,interruption
2383,,interruptions
2384,,intimidate
2385,,intimidating
2386,,intimidatingly
2387,,intimidation
2388,,intolerable
2389,,intolerance
2390,,intoxicate
2391,,intractable
2392,,intransigence
2393,,intransigent
2394,,intrude
2395,,intrusion
2396,,intrusive
2397,,inundate
2398,,inundated
2399,,invader
2400,,invalid
2401,,invalidate
2402,,invalidity
2403,,invasive
2404,,invective
2405,,inveigle
2406,,invidious
2407,,invidiously
2408,,invidiousness
2409,,invisible
2410,,involuntarily
2411,,involuntary
2412,,irascible
2413,,irate
2414,,irately
2415,,ire
2416,,irk
2417,,irked
2418,,irking
2419,,irks
2420,,irksome
2421,,irksomely
2422,,irksomeness
2423,,ironic
2424,,ironical
2425,,ironically
2426,,ironies
2427,,irony
2428,,irrational
2429,,irrationality
2430,,irrationally
2431,,irrationals
2432,,irreconcilable
2433,,irrecoverable
2434,,irrecoverably
2435,,irredeemable
2436,,irredeemably
2437,,irregular
2438,,irregularity
2439,,irrelevance
2440,,irrelevant
2441,,irreparable
2442,,irrepressible
2443,,irresolute
2444,,irresponsible
2445,,irresponsibly
2446,,irretrievable
2447,,irreversible
2448,,irritable
2449,,irritably
2450,,irritant
2451,,irritate
2452,,irritated
2453,,irritating
2454,,irritation
2455,,irritations
2456,,isolate
2457,,isolated
2458,,isolation
2459,,issue
2460,,issues
2461,,itch
2462,,itching
2463,,itchy
2464,,jabber
2465,,jaded
2466,,jagged
2467,,jam
2468,,jarring
2469,,jaundiced
2470,,jealous
2471,,jealously
2472,,jealousness
2473,,jealousy
2474,,jeer
2475,,jeering
2476,,jeeringly
2477,,jeers
2478,,jeopardize
2479,,jeopardy
2480,,jerk
2481,,jerky
2482,,jitter
2483,,jitters
2484,,jittery
2485,,job-killing
2486,,jobless
2487,,joke
2488,,joker
2489,,jolt
2490,,judder
2491,,juddering
2492,,judders
2493,,jumpy
2494,,junk
2495,,junky
2496,,junkyard
2497,,kill
2498,,killed
2499,,killer
2500,,killing
2501,,killjoy
2502,,kills
2503,,knave
2504,,knife
2505,,knock
2506,,knotted
2507,,kook
2508,,kooky
2509,,lack
2510,,lackadaisical
2511,,lacked
2512,,lackey
2513,,lackeys
2514,,lacking
2515,,lackluster
2516,,lacks
2517,,laconic
2518,,lag
2519,,lagged
2520,,lagging
2521,,lags
2522,,laid-off
2523,,lambast
2524,,lambaste
2525,,lame
2526,,lame-duck
2527,,lament
2528,,lamentable
2529,,lamentably
2530,,languid
2531,,languish
2532,,languor
2533,,languorous
2534,,languorously
2535,,lanky
2536,,lapse
2537,,lapsed
2538,,lapses
2539,,lascivious
2540,,last-ditch
2541,,latency
2542,,laughable
2543,,laughably
2544,,laughingstock
2545,,lawbreaker
2546,,lawbreaking
2547,,lawless
2548,,lawlessness
2549,,layoff
2550,,layoff-happy
2551,,lazy
2552,,leak
2553,,leakage
2554,,leakages
2555,,leaking
2556,,leaks
2557,,leaky
2558,,lecher
2559,,lecherous
2560,,lechery
2561,,leech
2562,,leer
2563,,leery
2564,,left-leaning
2565,,lemon
2566,,lengthy
2567,,less-developed
2568,,lesser-known
2569,,letch
2570,,lethal
2571,,lethargic
2572,,lethargy
2573,,lewd
2574,,lewdly
2575,,lewdness
2576,,liability
2577,,liable
2578,,liar
2579,,liars
2580,,licentious
2581,,licentiously
2582,,licentiousness
2583,,lie
2584,,lied
2585,,lies
2586,,life-threatening
2587,,lifeless
2588,,limit
2589,,limitation
2590,,limitations
2591,,limited
2592,,limits
2593,,limp
2594,,listless
2595,,litigious
2596,,little-known
2597,,livid
2598,,lividly
2599,,loath
2600,,loathe
2601,,loathing
2602,,loathly
2603,,loathsome
2604,,loathsomely
2605,,lone
2606,,loneliness
2607,,lonely
2608,,loner
2609,,lonesome
2610,,long-time
2611,,long-winded
2612,,longing
2613,,longingly
2614,,loophole
2615,,loopholes
2616,,loose
2617,,loot
2618,,lose
2619,,loser
2620,,losers
2621,,loses
2622,,losing
2623,,loss
2624,,losses
2625,,lost
2626,,loud
2627,,louder
2628,,lousy
2629,,loveless
2630,,lovelorn
2631,,low-rated
2632,,lowly
2633,,ludicrous
2634,,ludicrously
2635,,lugubrious
2636,,lukewarm
2637,,lull
2638,,lumpy
2639,,lunatic
2640,,lurch
2641,,lure
2642,,lurid
2643,,lurk
2644,,lurking
2645,,lying
2646,,macabre
2647,,mad
2648,,madden
2649,,maddening
2650,,maddeningly
2651,,madder
2652,,madly
2653,,madman
2654,,madness
2655,,maladjusted
2656,,maladjustment
2657,,malady
2658,,malaise
2659,,malcontent
2660,,malcontented
2661,,maledict
2662,,malevolence
2663,,malevolent
2664,,malevolently
2665,,malice
2666,,malicious
2667,,maliciously
2668,,maliciousness
2669,,malign
2670,,malignant
2671,,malodorous
2672,,maltreatment
2673,,mangle
2674,,mangled
2675,,mangles
2676,,mangling
2677,,mania
2678,,maniac
2679,,maniacal
2680,,manic
2681,,manipulate
2682,,manipulation
2683,,manipulative
2684,,manipulators
2685,,mar
2686,,marginal
2687,,marginally
2688,,martyrdom
2689,,martyrdom-seeking
2690,,mashed
2691,,massacre
2692,,massacres
2693,,matte
2694,,mawkish
2695,,mawkishly
2696,,mawkishness
2697,,meager
2698,,meaningless
2699,,meanness
2700,,measly
2701,,meddle
2702,,meddlesome
2703,,mediocre
2704,,mediocrity
2705,,melancholy
2706,,melodramatic
2707,,melodramatically
2708,,meltdown
2709,,menace
2710,,menacing
2711,,menacingly
2712,,mendacious
2713,,mendacity
2714,,menial
2715,,merciless
2716,,mercilessly
2717,,mess
2718,,messed
2719,,messes
2720,,messing
2721,,messy
2722,,midget
2723,,miff
2724,,militancy
2725,,mindless
2726,,mindlessly
2727,,mirage
2728,,mire
2729,,misalign
2730,,misaligned
2731,,misaligns
2732,,misapprehend
2733,,misbecome
2734,,misbecoming
2735,,misbegotten
2736,,misbehave
2737,,misbehavior
2738,,miscalculate
2739,,miscalculation
2740,,miscellaneous
2741,,mischief
2742,,mischievous
2743,,mischievously
2744,,misconception
2745,,misconceptions
2746,,miscreant
2747,,miscreants
2748,,misdirection
2749,,miser
2750,,miserable
2751,,miserableness
2752,,miserably
2753,,miseries
2754,,miserly
2755,,misery
2756,,misfit
2757,,misfortune
2758,,misgiving
2759,,misgivings
2760,,misguidance
2761,,misguide
2762,,misguided
2763,,mishandle
2764,,mishap
2765,,misinform
2766,,misinformed
2767,,misinterpret
2768,,misjudge
2769,,misjudgment
2770,,mislead
2771,,misleading
2772,,misleadingly
2773,,mismanage
2774,,mispronounce
2775,,mispronounced
2776,,mispronounces
2777,,misread
2778,,misreading
2779,,misrepresent
2780,,misrepresentation
2781,,miss
2782,,missed
2783,,misses
2784,,misstatement
2785,,mist
2786,,mistake
2787,,mistaken
2788,,mistakenly
2789,,mistakes
2790,,mistress
2791,,mistrust
2792,,mistrustful
2793,,mistrustfully
2794,,mists
2795,,misunderstand
2796,,misunderstanding
2797,,misunderstandings
2798,,misunderstood
2799,,misuse
2800,,moan
2801,,mobster
2802,,mock
2803,,mocked
2804,,mockeries
2805,,mockery
2806,,mocking
2807,,mockingly
2808,,mocks
2809,,molest
2810,,molestation
2811,,monotonous
2812,,monotony
2813,,monster
2814,,monstrosities
2815,,monstrosity
2816,,monstrous
2817,,monstrously
2818,,moody
2819,,moot
2820,,mope
2821,,morbid
2822,,morbidly
2823,,mordant
2824,,mordantly
2825,,moribund
2826,,moron
2827,,moronic
2828,,morons
2829,,mortification
2830,,mortified
2831,,mortify
2832,,mortifying
2833,,motionless
2834,,motley
2835,,mourn
2836,,mourner
2837,,mournful
2838,,mournfully
2839,,muddle
2840,,muddy
2841,,mudslinger
2842,,mudslinging
2843,,mulish
2844,,multi-polarization
2845,,mundane
2846,,murder
2847,,murderer
2848,,murderous
2849,,murderously
2850,,murky
2851,,muscle-flexing
2852,,mushy
2853,,musty
2854,,mysterious
2855,,mysteriously
2856,,mystery
2857,,mystify
2858,,myth
2859,,nag
2860,,nagging
2861,,naive
2862,,naively
2863,,narrower
2864,,nastily
2865,,nastiness
2866,,nasty
2867,,naughty
2868,,nauseate
2869,,nauseates
2870,,nauseating
2871,,nauseatingly
2872,,na
2873,,ve
2874,,nebulous
2875,,nebulously
2876,,needless
2877,,needlessly
2878,,needy
2879,,nefarious
2880,,nefariously
2881,,negate
2882,,negation
2883,,negative
2884,,negatives
2885,,negativity
2886,,neglect
2887,,neglected
2888,,negligence
2889,,negligent
2890,,nemesis
2891,,nepotism
2892,,nervous
2893,,nervously
2894,,nervousness
2895,,nettle
2896,,nettlesome
2897,,neurotic
2898,,neurotically
2899,,niggle
2900,,niggles
2901,,nightmare
2902,,nightmarish
2903,,nightmarishly
2904,,nitpick
2905,,nitpicking
2906,,noise
2907,,noises
2908,,noisier
2909,,noisy
2910,,non-confidence
2911,,nonexistent
2912,,nonresponsive
2913,,nonsense
2914,,nosey
2915,,notoriety
2916,,notorious
2917,,notoriously
2918,,noxious
2919,,nuisance
2920,,numb
2921,,obese
2922,,object
2923,,objection
2924,,objectionable
2925,,objections
2926,,oblique
2927,,obliterate
2928,,obliterated
2929,,oblivious
2930,,obnoxious
2931,,obnoxiously
2932,,obscene
2933,,obscenely
2934,,obscenity
2935,,obscure
2936,,obscured
2937,,obscures
2938,,obscurity
2939,,obsess
2940,,obsessive
2941,,obsessively
2942,,obsessiveness
2943,,obsolete
2944,,obstacle
2945,,obstinate
2946,,obstinately
2947,,obstruct
2948,,obstructed
2949,,obstructing
2950,,obstruction
2951,,obstructs
2952,,obtrusive
2953,,obtuse
2954,,occlude
2955,,occluded
2956,,occludes
2957,,occluding
2958,,odd
2959,,odder
2960,,oddest
2961,,oddities
2962,,oddity
2963,,oddly
2964,,odor
2965,,offence
2966,,offend
2967,,offender
2968,,offending
2969,,offenses
2970,,offensive
2971,,offensively
2972,,offensiveness
2973,,officious
2974,,ominous
2975,,ominously
2976,,omission
2977,,omit
2978,,one-sided
2979,,onerous
2980,,onerously
2981,,onslaught
2982,,opinionated
2983,,opponent
2984,,opportunistic
2985,,oppose
2986,,opposition
2987,,oppositions
2988,,oppress
2989,,oppression
2990,,oppressive
2991,,oppressively
2992,,oppressiveness
2993,,oppressors
2994,,ordeal
2995,,orphan
2996,,ostracize
2997,,outbreak
2998,,outburst
2999,,outbursts
3000,,outcast
3001,,outcry
3002,,outlaw
3003,,outmoded
3004,,outrage
3005,,outraged
3006,,outrageous
3007,,outrageously
3008,,outrageousness
3009,,outrages
3010,,outsider
3011,,over-acted
3012,,over-awe
3013,,over-balanced
3014,,over-hyped
3015,,over-priced
3016,,over-valuation
3017,,overact
3018,,overacted
3019,,overawe
3020,,overbalance
3021,,overbalanced
3022,,overbearing
3023,,overbearingly
3024,,overblown
3025,,overdo
3026,,overdone
3027,,overdue
3028,,overemphasize
3029,,overheat
3030,,overkill
3031,,overloaded
3032,,overlook
3033,,overpaid
3034,,overplay
3035,,overpower
3036,,overpriced
3037,,overrated
3038,,overreach
3039,,overrun
3040,,overshadow
3041,,oversight
3042,,oversights
3043,,oversimplification
3044,,oversimplified
3045,,oversimplify
3046,,oversize
3047,,overstate
3048,,overstated
3049,,overstatement
3050,,overstatements
3051,,overstates
3052,,overtaxed
3053,,overthrow
3054,,overthrows
3055,,overturn
3056,,overweight
3057,,overwhelm
3058,,overwhelmed
3059,,overwhelming
3060,,overwhelmingly
3061,,overwhelms
3062,,overzealous
3063,,overzealously
3064,,pain
3065,,painful
3066,,painfully
3067,,pains
3068,,pale
3069,,pales
3070,,paltry
3071,,pan
3072,,pandemonium
3073,,pander
3074,,pandering
3075,,panders
3076,,panic
3077,,panicked
3078,,panicking
3079,,panicky
3080,,paradoxical
3081,,paradoxically
3082,,paralyzed
3083,,paranoia
3084,,paranoid
3085,,parasite
3086,,pariah
3087,,parody
3088,,partiality
3089,,partisan
3090,,partisans
3091,,passive
3092,,passiveness
3093,,pathetic
3094,,pathetically
3095,,patronize
3096,,paucity
3097,,pauper
3098,,paupers
3099,,payback
3100,,peculiar
3101,,peculiarly
3102,,pedantic
3103,,peeled
3104,,peeve
3105,,peeved
3106,,peevish
3107,,peevishly
3108,,penalize
3109,,penalty
3110,,perfidious
3111,,perfunctory
3112,,peril
3113,,perilous
3114,,perilously
3115,,perish
3116,,pernicious
3117,,perplex
3118,,perplexed
3119,,perplexing
3120,,perplexity
3121,,persecute
3122,,persecution
3123,,pertinacious
3124,,pertinaciously
3125,,pertinacity
3126,,perturb
3127,,perturbed
3128,,pervasive
3129,,perverse
3130,,perversely
3131,,perversion
3132,,perversity
3133,,pervert
3134,,perverted
3135,,perverts
3136,,pessimism
3137,,pessimistic
3138,,pessimistically
3139,,pest
3140,,pestilent
3141,,petrified
3142,,petrify
3143,,pettifog
3144,,petty
3145,,phobia
3146,,phobic
3147,,phony
3148,,picket
3149,,picketed
3150,,picketing
3151,,pickets
3152,,picky
3153,,pig
3154,,pigs
3155,,pillage
3156,,pillory
3157,,pimple
3158,,pinch
3159,,pique
3160,,pitiable
3161,,pitiful
3162,,pitifully
3163,,pitiless
3164,,pitilessly
3165,,pittance
3166,,pity
3167,,plagiarize
3168,,plague
3169,,plaything
3170,,plea
3171,,pleas
3172,,plebeian
3173,,plight
3174,,plot
3175,,plotters
3176,,ploy
3177,,plunder
3178,,plunderer
3179,,pointless
3180,,pointlessly
3181,,poison
3182,,poisonous
3183,,poisonously
3184,,pokey
3185,,poky
3186,,pollute
3187,,polluter
3188,,polluters
3189,,pompous
3190,,poor
3191,,poorer
3192,,poorest
3193,,poorly
3194,,posturing
3195,,pout
3196,,poverty
3197,,powerless
3198,,prate
3199,,pratfall
3200,,prattle
3201,,precarious
3202,,precariously
3203,,precipitate
3204,,precipitous
3205,,predatory
3206,,predicament
3207,,prejudge
3208,,prejudice
3209,,prejudices
3210,,prejudicial
3211,,premeditated
3212,,preoccupy
3213,,preposterous
3214,,preposterously
3215,,presumptuous
3216,,presumptuously
3217,,pretend
3218,,pretense
3219,,pretentious
3220,,pretentiously
3221,,prevaricate
3222,,pricey
3223,,pricier
3224,,prick
3225,,prickle
3226,,prickles
3227,,prideful
3228,,primitive
3229,,prison
3230,,prisoner
3231,,problem
3232,,problematic
3233,,problems
3234,,procrastinate
3235,,procrastinates
3236,,procrastination
3237,,profane
3238,,profanity
3239,,prohibit
3240,,prohibitive
3241,,prohibitively
3242,,propaganda
3243,,propagandize
3244,,proprietary
3245,,prosecute
3246,,protest
3247,,protested
3248,,protesting
3249,,protests
3250,,protracted
3251,,provocation
3252,,provocative
3253,,provoke
3254,,pry
3255,,pugnacious
3256,,pugnaciously
3257,,pugnacity
3258,,punch
3259,,punish
3260,,punishable
3261,,punitive
3262,,punk
3263,,puny
3264,,puppet
3265,,puppets
3266,,puzzled
3267,,puzzlement
3268,,puzzling
3269,,quack
3270,,qualm
3271,,qualms
3272,,quandary
3273,,quarrel
3274,,quarrels
3275,,quarrelsome
3276,,quash
3277,,queer
3278,,questionable
3279,,quibble
3280,,quibbles
3281,,quitter
3282,,rabid
3283,,racism
3284,,racist
3285,,racists
3286,,racy
3287,,radical
3288,,radicalization
3289,,radically
3290,,radicals
3291,,rage
3292,,ragged
3293,,raging
3294,,rail
3295,,raked
3296,,rampage
3297,,rampant
3298,,ramshackle
3299,,rancor
3300,,randomly
3301,,rankle
3302,,rant
3303,,ranted
3304,,ranting
3305,,rants
3306,,rape
3307,,raped
3308,,raping
3309,,rascal
3310,,rascals
3311,,rash
3312,,rattle
3313,,rattled
3314,,rattles
3315,,ravage
3316,,raving
3317,,reactionary
3318,,rebellious
3319,,rebuff
3320,,rebuke
3321,,recalcitrant
3322,,recant
3323,,recession
3324,,recessionary
3325,,reckless
3326,,recklessly
3327,,recklessness
3328,,recoil
3329,,recourses
3330,,redundancy
3331,,redundant
3332,,refusal
3333,,refuse
3334,,refused
3335,,refuses
3336,,refusing
3337,,refutation
3338,,refute
3339,,refuted
3340,,refutes
3341,,refuting
3342,,regress
3343,,regression
3344,,regressive
3345,,regret
3346,,regretful
3347,,regretfully
3348,,regrets
3349,,regrettable
3350,,regrettably
3351,,regretted
3352,,reject
3353,,rejected
3354,,rejecting
3355,,rejection
3356,,rejects
3357,,relapse
3358,,relentless
3359,,relentlessly
3360,,relentlessness
3361,,reluctance
3362,,reluctant
3363,,reluctantly
3364,,remorse
3365,,remorseful
3366,,remorsefully
3367,,remorseless
3368,,remorselessly
3369,,remorselessness
3370,,renounce
3371,,renunciation
3372,,repel
3373,,repetitive
3374,,reprehensible
3375,,reprehensibly
3376,,reprehension
3377,,reprehensive
3378,,repress
3379,,repression
3380,,repressive
3381,,reprimand
3382,,reproach
3383,,reproachful
3384,,reprove
3385,,reprovingly
3386,,repudiate
3387,,repudiation
3388,,repugnance
3389,,repugnant
3390,,repugnantly
3391,,repulse
3392,,repulsed
3393,,repulsing
3394,,repulsive
3395,,repulsively
3396,,repulsiveness
3397,,resent
3398,,resentful
3399,,resentment
3400,,resignation
3401,,resigned
3402,,resistance
3403,,restless
3404,,restlessness
3405,,restrict
3406,,restricted
3407,,restriction
3408,,restrictive
3409,,resurgent
3410,,retaliate
3411,,retaliatory
3412,,reticent
3413,,retract
3414,,retreat
3415,,retreated
3416,,revenge
3417,,revengeful
3418,,revengefully
3419,,revert
3420,,revile
3421,,reviled
3422,,revoke
3423,,revolt
3424,,revolting
3425,,revoltingly
3426,,revulsion
3427,,revulsive
3428,,rhapsodize
3429,,rhetoric
3430,,rhetorical
3431,,ricer
3432,,ridicule
3433,,ridicules
3434,,ridiculous
3435,,ridiculously
3436,,rife
3437,,rift
3438,,rifts
3439,,rigid
3440,,rigidity
3441,,rigidness
3442,,rile
3443,,riled
3444,,rip
3445,,rip-off
3446,,ripped
3447,,risk
3448,,risks
3449,,risky
3450,,rival
3451,,rivalry
3452,,roadblocks
3453,,rocky
3454,,rogue
3455,,rollercoaster
3456,,rot
3457,,rotten
3458,,rough
3459,,rubbish
3460,,rude
3461,,rue
3462,,ruffian
3463,,ruffle
3464,,ruin
3465,,ruined
3466,,ruining
3467,,ruinous
3468,,ruins
3469,,rumbling
3470,,rumor
3471,,rumors
3472,,rumple
3473,,run-down
3474,,runaway
3475,,rupture
3476,,rust
3477,,rusts
3478,,rusty
3479,,rut
3480,,ruthless
3481,,ruthlessly
3482,,ruthlessness
3483,,ruts
3484,,taboo
3485,,tacky
3486,,taint
3487,,tainted
3488,,tamper
3489,,tangle
3490,,tangled
3491,,tangles
3492,,tank
3493,,tanked
3494,,tanks
3495,,tantrum
3496,,tardy
3497,,tarnish
3498,,tarnished
3499,,tarnishes
3500,,tarnishing
3501,,tattered
3502,,taunt
3503,,taunting
3504,,tauntingly
3505,,taunts
3506,,taut
3507,,tawdry
3508,,taxing
3509,,tease
3510,,teasingly
3511,,tedious
3512,,tediously
3513,,temerity
3514,,temper
3515,,tempest
3516,,temptation
3517,,tenderness
3518,,tense
3519,,tension
3520,,tentative
3521,,tentatively
3522,,tenuous
3523,,tenuously
3524,,tepid
3525,,terrible
3526,,terribleness
3527,,terribly
3528,,terror
3529,,terror-genic
3530,,terrorism
3531,,terrorize
3532,,testily
3533,,testy
3534,,tetchily
3535,,tetchy
3536,,thankless
3537,,thicker
3538,,thirst
3539,,thorny
3540,,thoughtless
3541,,thoughtlessly
3542,,thoughtlessness
3543,,thrash
3544,,threat
3545,,threaten
3546,,threatening
3547,,threats
3548,,threesome
3549,,throb
3550,,throbbed
3551,,throbbing
3552,,throbs
3553,,throttle
3554,,thug
3555,,thumb-down
3556,,thumbs-down
3557,,thwart
3558,,time-consuming
3559,,timid
3560,,timidity
3561,,timidly
3562,,tin-y
3563,,tingled
3564,,tingling
3565,,tired
3566,,tiresome
3567,,tiring
3568,,tiringly
3569,,toil
3570,,toll
3571,,top-heavy
3572,,topple
3573,,torment
3574,,tormented
3575,,torrent
3576,,tortuous
3577,,torture
3578,,tortured
3579,,tortures
3580,,torturing
3581,,torturous
3582,,torturously
3583,,totalitarian
3584,,touchy
3585,,toughness
3586,,tout
3587,,touted
3588,,touts
3589,,toxic
3590,,traduce
3591,,tragedy
3592,,tragic
3593,,tragically
3594,,traitor
3595,,traitorous
3596,,traitorously
3597,,tramp
3598,,trample
3599,,transgress
3600,,transgression
3601,,trap
3602,,trapped
3603,,trash
3604,,trashed
3605,,trashy
3606,,trauma
3607,,traumatic
3608,,traumatically
3609,,traumatize
3610,,traumatized
3611,,travesties
3612,,travesty
3613,,treacherous
3614,,treacherously
3615,,treachery
3616,,treason
3617,,treasonous
3618,,trick
3619,,tricked
3620,,trickery
3621,,tricky
3622,,trivial
3623,,trivialize
3624,,trouble
3625,,troubled
3626,,troublemaker
3627,,troubles
3628,,troublesome
3629,,troublesomely
3630,,troubling
3631,,troublingly
3632,,truant
3633,,tumble
3634,,tumbled
3635,,tumbles
3636,,tumultuous
3637,,turbulent
3638,,turmoil
3639,,twist
3640,,twisted
3641,,twists
3642,,two-faced
3643,,two-faces
3644,,tyrannical
3645,,tyrannically
3646,,tyranny
3647,,tyrant
3648,,ugh
3649,,uglier
3650,,ugliest
3651,,ugliness
3652,,ugly
3653,,ulterior
3654,,ultimatum
3655,,ultimatums
3656,,ultra-hardline
3657,,un-viewable
3658,,unable
3659,,unacceptable
3660,,unacceptably
3661,,unaccustomed
3662,,unachievable
3663,,unaffordable
3664,,unappealing
3665,,unattractive
3666,,unauthentic
3667,,unavailable
3668,,unavoidably
3669,,unbearable
3670,,unbelievable
3671,,unbelievably
3672,,uncaring
3673,,uncertain
3674,,uncivil
3675,,uncivilized
3676,,unclean
3677,,unclear
3678,,uncollectible
3679,,uncomfortable
3680,,uncomfortably
3681,,uncompetitive
3682,,uncompromising
3683,,uncompromisingly
3684,,unconfirmed
3685,,unconstitutional
3686,,uncontrolled
3687,,unconvincing
3688,,unconvincingly
3689,,uncooperative
3690,,uncouth
3691,,uncreative
3692,,undecided
3693,,undefined
3694,,undependability
3695,,undependable
3696,,undercut
3697,,undercuts
3698,,undercutting
3699,,underdog
3700,,underestimate
3701,,underlings
3702,,undermine
3703,,undermined
3704,,undermines
3705,,undermining
3706,,underpaid
3707,,underpowered
3708,,undersized
3709,,undesirable
3710,,undetermined
3711,,undid
3712,,undignified
3713,,undissolved
3714,,undocumented
3715,,undone
3716,,undue
3717,,unease
3718,,uneasily
3719,,uneasiness
3720,,uneasy
3721,,uneconomical
3722,,unemployed
3723,,unequal
3724,,unethical
3725,,uneven
3726,,uneventful
3727,,unexpected
3728,,unexpectedly
3729,,unexplained
3730,,unfairly
3731,,unfaithful
3732,,unfaithfully
3733,,unfamiliar
3734,,unfavorable
3735,,unfeeling
3736,,unfinished
3737,,unfit
3738,,unforeseen
3739,,unforgiving
3740,,unfortunate
3741,,unfortunately
3742,,unfounded
3743,,unfriendly
3744,,unfulfilled
3745,,unfunded
3746,,ungovernable
3747,,ungrateful
3748,,unhappily
3749,,unhappiness
3750,,unhappy
3751,,unhealthy
3752,,unhelpful
3753,,unilateralism
3754,,unimaginable
3755,,unimaginably
3756,,unimportant
3757,,uninformed
3758,,uninsured
3759,,unintelligible
3760,,unipolar
3761,,unjust
3762,,unjustifiable
3763,,unjustifiably
3764,,unjustified
3765,,unjustly
3766,,unkind
3767,,unkindly
3768,,unknown
3769,,unlawful
3770,,unlawfully
3771,,unlawfulness
3772,,unleash
3773,,unlicensed
3774,,unlikely
3775,,unlucky
3776,,unmoved
3777,,unnatural
3778,,unnaturally
3779,,unnecessary
3780,,unneeded
3781,,unnerve
3782,,unnerved
3783,,unnerving
3784,,unnervingly
3785,,unnoticed
3786,,unobserved
3787,,unorthodox
3788,,unorthodoxy
3789,,unpleasant
3790,,unpopular
3791,,unpredictable
3792,,unprepared
3793,,unproductive
3794,,unprofitable
3795,,unproved
3796,,unproven
3797,,unqualified
3798,,unravel
3799,,unraveled
3800,,unreachable
3801,,unreadable
3802,,unrealistic
3803,,unreasonable
3804,,unreasonably
3805,,unrelenting
3806,,unrelentingly
3807,,unreliability
3808,,unreliable
3809,,unresolved
3810,,unresponsive
3811,,unrest
3812,,unruly
3813,,unsafe
3814,,unsatisfactory
3815,,unsavory
3816,,unscrupulous
3817,,unscrupulously
3818,,unsecure
3819,,unseemly
3820,,unsettle
3821,,unsettled
3822,,unsettling
3823,,unsettlingly
3824,,unskilled
3825,,unsophisticated
3826,,unsound
3827,,unspeakable
3828,,unspecified
3829,,unstable
3830,,unsteadily
3831,,unsteadiness
3832,,unsteady
3833,,unsuccessful
3834,,unsuccessfully
3835,,unsupported
3836,,unsupportive
3837,,unsure
3838,,unsuspecting
3839,,unsustainable
3840,,untenable
3841,,untested
3842,,unthinkable
3843,,unthinkably
3844,,untimely
3845,,untouched
3846,,untrue
3847,,untrustworthy
3848,,untruthful
3849,,unusable
3850,,unusably
3851,,unusual
3852,,unusually
3853,,unwanted
3854,,unwarranted
3855,,unwatchable
3856,,unwelcome
3857,,unwell
3858,,unwieldy
3859,,unwilling
3860,,unwillingly
3861,,unwillingness
3862,,unwise
3863,,unwisely
3864,,unworkable
3865,,unworthy
3866,,unyielding
3867,,upbraid
3868,,upheaval
3869,,uprising
3870,,uproar
3871,,uproarious
3872,,uproariously
3873,,uproot
3874,,upset
3875,,upsets
3876,,upsetting
3877,,upsettingly
3878,,urgent
3879,,useless
3880,,usurp
3881,,usurper
3882,,utterly
3883,,vagrant
3884,,vague
3885,,vagueness
3886,,vain
3887,,vainly
3888,,vanity
3889,,vehement
3890,,vehemently
3891,,vengeance
3892,,vengeful
3893,,vengefully
3894,,vengefulness
3895,,venom
3896,,venomous
3897,,venomously
3898,,vent
3899,,vestiges
3900,,vex
3901,,vexation
3902,,vexing
3903,,vexingly
3904,,vibrate
3905,,vibrated
3906,,vibrates
3907,,vibrating
3908,,vibration
3909,,vice
3910,,vicious
3911,,viciously
3912,,viciousness
3913,,victimize
3914,,vile
3915,,vileness
3916,,vilify
3917,,villainous
3918,,villainously
3919,,villains
3920,,vindictive
3921,,vindictively
3922,,vindictiveness
3923,,violate
3924,,violation
3925,,violator
3926,,violators
3927,,violent
3928,,violently
3929,,viper
3930,,virulence
3931,,virulent
3932,,virulently
3933,,virus
3934,,vociferous
3935,,vociferously
3936,,volatile
3937,,volatility
3938,,vomit
3939,,vomited
3940,,vomiting
3941,,vomits
3942,,vulgar
3943,,vulnerable
3944,,wail
3945,,wallow
3946,,wane
3947,,waning
3948,,wanton
3949,,war-like
3950,,warily
3951,,wariness
3952,,warlike
3953,,warned
3954,,warning
3955,,warp
3956,,warped
3957,,wary
3958,,washed-out
3959,,waste
3960,,wasted
3961,,wasteful
3962,,wastefulness
3963,,wasting
3964,,water-down
3965,,watered-down
3966,,wayward
3967,,weak
3968,,weaken
3969,,weakening
3970,,weaker
3971,,weakness
3972,,weaknesses
3973,,weariness
3974,,wearisome
3975,,weary
3976,,wedge
3977,,weed
3978,,weep
3979,,weird
3980,,weirdly
3981,,wheedle
3982,,whimper
3983,,whine
3984,,whining
3985,,whiny
3986,,whips
3987,,wicked
3988,,wickedly
3989,,wickedness
3990,,wild
3991,,wildly
3992,,wiles
3993,,wilt
3994,,wily
3995,,wimpy
3996,,wince
3997,,wobble
3998,,wobbled
3999,,wobbles
4000,,woe
4001,,woebegone
4002,,woeful
4003,,woefully
4004,,womanizer
4005,,womanizing
4006,,worn
4007,,worried
4008,,worriedly
4009,,worrier
4010,,worries
4011,,worrisome
4012,,worry
4013,,worrying
4014,,worryingly
4015,,worse
4016,,worsen
4017,,worsening
4018,,worst
4019,,worthless
4020,,worthlessly
4021,,worthlessness
4022,,wound
4023,,wounds
4024,,wrangle
4025,,wrath
4026,,wreak
4027,,wreaked
4028,,wreaks
4029,,wreck
4030,,wrest
4031,,wrestle
4032,,wretch
4033,,wretched
4034,,wretchedly
4035,,wretchedness
4036,,wrinkle
4037,,wrinkled
4038,,wrinkles
4039,,writhe
4040,,wrong
4041,,wrongful
4042,,wrongly
4043,,wrought
4044,,yawn
4045,,zap
4046,,zapped
4047,,zaps
4048,,zealot
4049,,zealous
4050,,zealously
